True_T_x,True_T_y,True_T_z
0.075000,0.000000,0.200000
0.225000,0.000000,0.200000
0.000000,0.075000,0.200000
0.075000,0.075000,0.200000
0.150000,0.075000,0.200000
0.225000,0.075000,0.200000
0.300000,0.075000,0.200000
0.075000,0.150000,0.200000
0.150000,0.150000,0.200000
0.225000,0.150000,0.200000
0.000000,0.225000,0.200000
0.075000,0.225000,0.200000
0.150000,0.225000,0.200000
0.225000,0.225000,0.200000
0.300000,0.225000,0.200000
0.075000,0.300000,0.200000
0.225000,0.300000,0.200000
